long,lat,zb
21.07447657,20.27637973,26.42130661
21.52363421,20.27637973,26.58055115
21.97279185,20.27637973,26.9060936
22.42194949,20.27637973,27.5735321
22.87110713,20.27637973,28.70759392
23.32026478,20.27637973,30.34761047
23.76942242,20.27637973,32.4406929
24.21858006,20.27637973,34.98703384
24.6677377,20.27637973,37.83103561
25.11689534,20.27637973,40.64920807
25.56605299,20.27637973,42.96630859
26.01521063,20.27637973,44.19042587
26.46436827,20.27637973,44.73395538
26.91352591,20.27637973,44.94514465
27.36268355,20.27637973,45.12418365
27.8118412,20.27637973,45.49775314
28.26099884,20.27637973,46.14550781
28.71015648,20.27637973,47.11395264
29.15931412,20.27637973,48.20248032
29.60847176,20.27637973,48.96105576
30.05762941,20.27637973,48.72402954
30.50678705,20.27637973,46.68318176
30.95594469,20.27637973,43.42049026
31.40510233,20.27637973,39.5506897
31.85425997,20.27637973,35.77062607
32.30341762,20.27637973,32.85713959
32.75257526,20.27637973,31.62298012
33.2017329,20.27637973,31.66211891
33.65089054,20.27637973,32.58045578
34.10004819,20.27637973,34.00031281
34.54920583,20.27637973,35.56911469
34.99836347,20.27637973,36.96979523
35.44752111,20.27637973,38.24681854
35.89667875,20.27637973,39.44456482
36.3458364,20.27637973,40.5812912
36.79499404,20.27637973,41.63799667
37.24415168,20.27637973,42.55967331
37.69330932,20.27637973,43.4445076
38.14246696,20.27637973,44.3416481
38.59162461,20.27637973,45.25806808
39.04078225,20.27637973,46.18028259
21.07447657,20.69961313,28.12889481
21.52363421,20.69961313,28.25318909
21.97279185,20.69961313,28.56754875
22.42194949,20.69961313,29.16359329
22.87110713,20.69961313,30.09926033
23.32026478,20.69961313,31.37447548
23.76942242,20.69961313,32.9450264
24.21858006,20.69961313,34.76332092
24.6677377,20.69961313,36.71515274
25.11689534,20.69961313,38.6018219
25.56605299,20.69961313,40.16675186
26.01521063,20.69961313,41.18390656
26.46436827,20.69961313,41.71870041
26.91352591,20.69961313,41.94102478
27.36268355,20.69961313,42.08124161
27.8118412,20.69961313,42.37402344
28.26099884,20.69961313,42.95766449
28.71015648,20.69961313,43.80258179
29.15931412,20.69961313,44.69540405
29.60847176,20.69961313,45.28131485
30.05762941,20.69961313,45.14188004
30.50678705,20.69961313,43.9620018
30.95594469,20.69961313,41.92556381
31.40510233,20.69961313,39.42575836
31.85425997,20.69961313,36.96552658
32.30341762,20.69961313,35.07336044
32.75257526,20.69961313,34.14912796
33.2017329,20.69961313,34.1330452
33.65089054,20.69961313,34.79156494
34.10004819,20.69961313,35.82852173
34.54920583,20.69961313,36.95141983
34.99836347,20.69961313,37.94832611
35.44752111,20.69961313,38.7961731
35.89667875,20.69961313,39.53559875
36.3458364,20.69961313,40.20342255
36.79499404,20.69961313,40.81272507
37.24415168,20.69961313,41.36485672
37.69330932,20.69961313,41.89385223
38.14246696,20.69961313,42.42375565
38.59162461,20.69961313,42.96091843
39.04078225,20.69961313,43.50091553
21.07447657,21.12165473,29.70226097
21.52363421,21.12165473,29.74277115
21.97279185,21.12165473,29.99351311
22.42194949,21.12165473,30.49091911
22.87110713,21.12165473,31.24406624
23.32026478,21.12165473,32.20997238
23.76942242,21.12165473,33.31930542
24.21858006,21.12165473,34.53358459
24.6677377,21.12165473,35.79138565
25.11689534,21.12165473,36.98929596
25.56605299,21.12165473,38.00127792
26.01521063,21.12165473,38.71266174
26.46436827,21.12165473,39.05797577
26.91352591,21.12165473,39.09589005
27.36268355,21.12165473,39.0368309
27.8118412,21.12165473,39.1848793
28.26099884,21.12165473,39.76625061
28.71015648,21.12165473,40.69139862
29.15931412,21.12165473,41.69918823
29.60847176,21.12165473,42.4608345
30.05762941,21.12165473,42.65522003
30.50678705,21.12165473,42.08705521
30.95594469,21.12165473,40.84569168
31.40510233,21.12165473,39.20891953
31.85425997,21.12165473,37.56272507
32.30341762,21.12165473,36.3188858
32.75257526,21.12165473,35.77571106
33.2017329,21.12165473,35.93267822
33.65089054,21.12165473,36.61010361
34.10004819,21.12165473,37.53755188
34.54920583,21.12165473,38.42330933
34.99836347,21.12165473,39.06185532
35.44752111,21.12165473,39.46786499
35.89667875,21.12165473,39.72979355
36.3458364,21.12165473,39.92089462
36.79499404,21.12165473,40.07978058
37.24415168,21.12165473,40.22255325
37.69330932,21.12165473,40.36244583
38.14246696,21.12165473,40.50767136
38.59162461,21.12165473,40.6612587
39.04078225,21.12165473,40.82114792
21.07447657,21.5424849,31.05944633
21.52363421,21.5424849,31.0388813
21.97279185,21.5424849,31.2395649
22.42194949,21.5424849,31.66435051
22.87110713,21.5424849,32.28820419
23.32026478,21.5424849,33.02052689
23.76942242,21.5424849,33.73944855
24.21858006,21.5424849,34.45224762
24.6677377,21.5424849,35.1512146
25.11689534,21.5424849,35.7957077
25.56605299,21.5424849,36.34532166
26.01521063,21.5424849,36.76225662
26.46436827,21.5424849,36.85691833
26.91352591,21.5424849,36.60052109
27.36268355,21.5424849,36.22014236
27.8118412,21.5424849,36.16020966
28.26099884,21.5424849,36.84782791
28.71015648,21.5424849,38.03569031
29.15931412,21.5424849,39.35473251
29.60847176,21.5424849,40.45453644
30.05762941,21.5424849,41.0285759
30.50678705,21.5424849,40.88541794
30.95594469,21.5424849,40.12080383
31.40510233,21.5424849,38.97747421
31.85425997,21.5424849,37.79193497
32.30341762,21.5424849,36.95449448
32.75257526,21.5424849,36.79007339
33.2017329,21.5424849,37.24863815
33.65089054,21.5424849,38.13260651
34.10004819,21.5424849,39.15493774
34.54920583,21.5424849,39.96593475
34.99836347,21.5424849,40.27713394
35.44752111,21.5424849,40.22238159
35.89667875,21.5424849,39.98207092
36.3458364,21.5424849,39.67761612
36.79499404,21.5424849,39.37144852
37.24415168,21.5424849,39.08627701
37.69330932,21.5424849,38.82400513
38.14246696,21.5424849,38.58050156
38.59162461,21.5424849,38.35472107
39.04078225,21.5424849,38.14531326
21.07447657,21.96208434,32.14595795
21.52363421,21.96208434,32.12428284
21.97279185,21.96208434,32.31302261
22.42194949,21.96208434,32.70500183
22.87110713,21.96208434,33.26649475
23.32026478,21.96208434,33.86748505
23.76942242,21.96208434,34.27052689
24.21858006,21.96208434,34.59885025
24.6677377,21.96208434,34.8833046
25.11689534,21.96208434,35.09840012
25.56605299,21.96208434,35.25728989
26.01521063,21.96208434,35.48459244
26.46436827,21.96208434,35.36706924
26.91352591,21.96208434,34.7917366
27.36268355,21.96208434,34.00543213
27.8118412,21.96208434,33.62849426
28.26099884,21.96208434,34.56455612
28.71015648,21.96208434,36.13218689
29.15931412,21.96208434,37.82740784
29.60847176,21.96208434,39.28973007
30.05762941,21.96208434,40.20565033
30.50678705,21.96208434,40.30672836
30.95594469,21.96208434,39.78077316
31.40510233,21.96208434,38.87259293
31.85425997,21.96208434,37.89095688
32.30341762,21.96208434,37.24827957
32.75257526,21.96208434,37.44004059
33.2017329,21.96208434,38.23604202
33.65089054,21.96208434,39.39818573
34.10004819,21.96208434,40.62956238
34.54920583,21.96208434,41.4958725
34.99836347,21.96208434,41.44876099
35.44752111,21.96208434,40.89970398
35.89667875,21.96208434,40.13699722
36.3458364,21.96208434,39.32393265
36.79499404,21.96208434,38.5486145
37.24415168,21.96208434,37.84371567
37.69330932,21.96208434,37.20024109
38.14246696,21.96208434,36.59649658
38.59162461,21.96208434,36.02145004
39.04078225,21.96208434,35.47258377
21.07447657,22.38043407,32.93462372
21.52363421,22.38043407,32.9894104
21.97279185,22.38043407,33.19821548
22.42194949,22.38043407,33.57102966
22.87110713,22.38043407,34.10431671
23.32026478,22.38043407,34.68751144
23.76942242,22.38043407,34.86843109
24.21858006,22.38043407,35.0020256
24.6677377,22.38043407,35.10327911
25.11689534,22.38043407,35.09943008
25.56605299,22.38043407,34.97171402
26.01521063,22.38043407,35.18642044
26.46436827,22.38043407,34.94959259
26.91352591,22.38043407,34.14112854
27.36268355,22.38043407,33.00175476
27.8118412,22.38043407,32.17713547
28.26099884,22.38043407,33.47993851
28.71015648,22.38043407,35.34525681
29.15931412,22.38043407,37.27988815
29.60847176,22.38043407,38.97533417
30.05762941,22.38043407,40.1369133
30.50678705,22.38043407,40.31125641
30.95594469,22.38043407,39.88282776
31.40510233,22.38043407,39.08158493
31.85425997,22.38043407,38.1692276
32.30341762,22.38043407,37.5284729
32.75257526,22.38043407,38.0216713
33.2017329,22.38043407,39.04148483
33.65089054,22.38043407,40.36898804
34.10004819,22.38043407,41.74742126
34.54920583,22.38043407,42.73498154
34.99836347,22.38043407,42.24628067
35.44752111,22.38043407,41.21377945
35.89667875,22.38043407,39.94656754
36.3458364,22.38043407,38.63244629
36.79499404,22.38043407,37.40600204
37.24415168,22.38043407,36.32840729
37.69330932,22.38043407,35.37423325
38.14246696,22.38043407,34.48685455
38.59162461,22.38043407,33.63020706
39.04078225,22.38043407,32.79470825
21.07447657,22.79751544,33.46037674
21.52363421,22.79751544,33.67309952
21.97279185,22.79751544,33.9132309
22.42194949,22.79751544,34.2271843
22.87110713,22.79751544,34.64214706
23.32026478,22.79751544,35.08766556
23.76942242,22.79751544,35.37443542
24.21858006,22.79751544,35.64213943
24.6677377,22.79751544,35.90792847
25.11689534,22.79751544,36.10279846
25.56605299,22.79751544,36.17977905
26.01521063,22.79751544,36.22431946
26.46436827,22.79751544,35.85386276
26.91352591,22.79751544,35.01407623
27.36268355,22.79751544,34.00502014
27.8118412,22.79751544,33.48091888
28.26099884,22.79751544,34.35871124
28.71015648,22.79751544,35.96093369
29.15931412,22.79751544,37.76881409
29.60847176,22.79751544,39.39300919
30.05762941,22.79751544,40.48744583
30.50678705,22.79751544,40.76842117
30.95594469,22.79751544,40.44092941
31.40510233,22.79751544,39.7621994
31.85425997,22.79751544,39.02222061
32.30341762,22.79751544,38.59286118
32.75257526,22.79751544,38.93624115
33.2017329,22.79751544,39.81420898
33.65089054,22.79751544,40.98188782
34.10004819,22.79751544,42.11138153
34.54920583,22.79751544,42.70869446
34.99836347,22.79751544,42.16481018
35.44752111,22.79751544,40.87018204
35.89667875,22.79751544,39.17253494
36.3458364,22.79751544,37.37259674
36.79499404,22.79751544,35.7262764
37.24415168,22.79751544,34.36634064
37.69330932,22.79751544,33.23015594
38.14246696,22.79751544,32.1897049
38.59162461,22.79751544,31.15880013
39.04078225,22.79751544,30.11006927
21.07447657,23.21331016,33.87217331
21.52363421,23.21331016,34.30751801
21.97279185,23.21331016,34.58083344
22.42194949,23.21331016,34.81544495
22.87110713,23.21331016,35.11029053
23.32026478,23.21331016,35.49661636
23.76942242,23.21331016,35.95252228
24.21858006,23.21331016,36.51781464
24.6677377,23.21331016,37.15922165
25.11689534,23.21331016,37.75221252
25.56605299,23.21331016,38.13171005
26.01521063,23.21331016,38.1712532
26.46436827,23.21331016,37.75598145
26.91352591,23.21331016,36.97776794
27.36268355,23.21331016,36.16096878
27.8118412,23.21331016,35.80901337
28.26099884,23.21331016,36.377285
28.71015648,23.21331016,37.62240982
29.15931412,23.21331016,39.15452194
29.60847176,23.21331016,40.5781517
30.05762941,23.21331016,41.52209473
30.50678705,23.21331016,41.74963379
30.95594469,23.21331016,41.41537857
31.40510233,23.21331016,40.7915802
31.85425997,23.21331016,40.15982819
32.30341762,23.21331016,39.80212784
32.75257526,23.21331016,39.95493317
33.2017329,23.21331016,40.5555687
33.65089054,23.21331016,41.40454102
34.10004819,23.21331016,42.16356277
34.54920583,23.21331016,42.36508179
34.99836347,23.21331016,41.58874512
35.44752111,23.21331016,39.9504776
35.89667875,23.21331016,37.76010132
36.3458364,23.21331016,35.42238617
36.79499404,23.21331016,33.36650085
37.24415168,23.21331016,31.85582352
37.69330932,23.21331016,30.72171021
38.14246696,23.21331016,29.70116997
38.59162461,23.21331016,28.62926292
39.04078225,23.21331016,27.45182228
21.07447657,23.62780024,34.46353531
21.52363421,23.62780024,35.11597443
21.97279185,23.62780024,35.38482666
22.42194949,23.62780024,35.50434494
22.87110713,23.62780024,35.66726303
23.32026478,23.62780024,36.01769638
23.76942242,23.62780024,36.65355301
24.21858006,23.62780024,37.57142258
24.6677377,23.62780024,38.67733383
25.11689534,23.62780024,39.76057816
25.56605299,23.62780024,40.50567627
26.01521063,23.62780024,40.61534119
26.46436827,23.62780024,40.19577789
26.91352591,23.62780024,39.48761368
27.36268355,23.62780024,38.81292343
27.8118412,23.62780024,38.53409958
28.26099884,23.62780024,38.91442871
28.71015648,23.62780024,39.86581802
29.15931412,23.62780024,41.12337875
29.60847176,23.62780024,42.33575058
30.05762941,23.62780024,43.1018486
30.50678705,23.62780024,43.11137009
30.95594469,23.62780024,42.61724854
31.40510233,23.62780024,41.94061279
31.85425997,23.62780024,41.329319
32.30341762,23.62780024,40.95508957
32.75257526,23.62780024,40.91621017
33.2017329,23.62780024,41.21721649
33.65089054,23.62780024,41.71519089
34.10004819,23.62780024,42.0999527
34.54920583,23.62780024,41.9173317
34.99836347,23.62780024,40.73721313
35.44752111,23.62780024,38.60353088
35.89667875,23.62780024,35.80548477
36.3458364,23.62780024,32.83340836
36.79499404,23.62780024,30.34072495
37.24415168,23.62780024,28.86498451
37.69330932,23.62780024,27.95508957
38.14246696,23.62780024,27.13182259
38.59162461,23.62780024,26.1421814
39.04078225,23.62780024,24.9123497
21.07447657,24.04096806,35.64859009
21.52363421,24.04096806,36.37773895
21.97279185,24.04096806,36.5248909
22.42194949,24.04096806,36.44205093
22.87110713,24.04096806,36.40887451
23.32026478,24.04096806,36.67099762
23.76942242,24.04096806,37.4585762
24.21858006,24.04096806,38.70946121
24.6677377,24.04096806,40.2794075
25.11689534,24.04096806,41.88805389
25.56605299,24.04096806,43.0693512
26.01521063,24.04096806,43.2137413
26.46436827,24.04096806,42.77860641
26.91352591,24.04096806,42.13294983
27.36268355,24.04096806,41.56332016
27.8118412,24.04096806,41.31276703
28.26099884,24.04096806,41.56313324
28.71015648,24.04096806,42.26176834
29.15931412,24.04096806,43.24850464
29.60847176,24.04096806,44.25932312
30.05762941,24.04096806,44.86981964
30.50678705,24.04096806,44.48719406
30.95594469,24.04096806,43.70272064
31.40510233,24.04096806,42.90749359
31.85425997,24.04096806,42.28618622
32.30341762,24.04096806,41.88578415
32.75257526,24.04096806,41.66146469
33.2017329,24.04096806,41.66624451
33.65089054,24.04096806,41.81284332
34.10004819,24.04096806,41.84722137
34.54920583,24.04096806,41.32381439
34.99836347,24.04096806,39.64489746
35.44752111,24.04096806,36.96743011
35.89667875,24.04096806,33.55960083
36.3458364,24.04096806,29.91838455
36.79499404,24.04096806,26.91473198
37.24415168,24.04096806,25.74528313
37.69330932,24.04096806,25.25944328
38.14246696,24.04096806,24.73603058
38.59162461,24.04096806,23.88280487
39.04078225,24.04096806,22.63777542
21.07447657,24.4527963,37.86838913
21.52363421,24.4527963,38.36128235
21.97279185,24.4527963,38.17249298
22.42194949,24.4527963,37.74493408
22.87110713,24.4527963,37.41364288
23.32026478,24.4527963,37.48200607
23.76942242,24.4527963,38.35832596
24.21858006,24.4527963,39.84905624
24.6677377,24.4527963,41.78207779
25.11689534,24.4527963,43.84948349
25.56605299,24.4527963,45.53479767
26.01521063,24.4527963,45.6320076
26.46436827,24.4527963,45.22364426
26.91352591,24.4527963,44.69340897
27.36268355,24.4527963,44.24210358
27.8118412,24.4527963,43.98812103
28.26099884,24.4527963,44.08717346
28.71015648,24.4527963,44.45349503
29.15931412,24.4527963,45.03639984
29.60847176,24.4527963,45.72502136
30.05762941,24.4527963,46.20782471
30.50678705,24.4527963,45.28123093
30.95594469,24.4527963,44.21976089
31.40510233,24.4527963,43.36354446
31.85425997,24.4527963,42.78268433
32.30341762,24.4527963,42.40387726
32.75257526,24.4527963,41.99538803
33.2017329,24.4527963,41.68434906
33.65089054,24.4527963,41.42855072
34.10004819,24.4527963,41.0775795
34.54920583,24.4527963,40.2942009
34.99836347,24.4527963,38.13962936
35.44752111,24.4527963,35.12938309
35.89667875,24.4527963,31.430233
36.3458364,24.4527963,27.39401627
36.79499404,24.4527963,23.84310341
37.24415168,24.4527963,23.2713089
37.69330932,24.4527963,23.1859417
38.14246696,24.4527963,22.86408615
38.59162461,24.4527963,22.07227898
39.04078225,24.4527963,20.77774048
21.07447657,24.86326803,41.44286346
21.52363421,24.86326803,41.23279953
21.97279185,24.86326803,40.415905
22.42194949,24.86326803,39.47266006
22.87110713,24.86326803,38.77127838
23.32026478,24.86326803,38.65347672
23.76942242,24.86326803,39.41893005
24.21858006,24.86326803,40.97602463
24.6677377,24.86326803,43.06877899
25.11689534,24.86326803,45.26216125
25.56605299,24.86326803,46.95093918
26.01521063,24.86326803,47.48365021
26.46436827,24.86326803,47.40810013
26.91352591,24.86326803,47.14822769
27.36268355,24.86326803,46.88976288
27.8118412,24.86326803,46.65054703
28.26099884,24.86326803,46.43241119
28.71015648,24.86326803,46.22620773
29.15931412,24.86326803,46.06463242
29.60847176,24.86326803,45.92883682
30.05762941,24.86326803,45.62960434
30.50678705,24.86326803,44.72500229
30.95594469,24.86326803,43.79201508
31.40510233,24.86326803,43.09931564
31.85425997,24.86326803,42.64744186
32.30341762,24.86326803,42.26943588
32.75257526,24.86326803,41.74379349
33.2017329,24.86326803,41.06978226
33.65089054,24.86326803,40.2515831
34.10004819,24.86326803,39.25291443
34.54920583,24.86326803,37.90433502
34.99836347,24.86326803,35.79561996
35.44752111,24.86326803,33.05208206
35.89667875,24.86326803,29.7980423
36.3458364,24.86326803,26.39193153
36.79499404,24.86326803,23.61747932
37.24415168,24.86326803,22.6222496
37.69330932,24.86326803,22.253685
38.14246696,24.86326803,21.77655983
38.59162461,24.86326803,20.86444855
39.04078225,24.86326803,19.40846252
21.07447657,25.27236661,46.41366577
21.52363421,25.27236661,44.96689606
21.97279185,25.27236661,43.20270538
22.42194949,25.27236661,41.54421997
22.87110713,25.27236661,40.33522797
23.32026478,25.27236661,39.91811752
23.76942242,25.27236661,40.55252457
24.21858006,25.27236661,42.15301895
24.6677377,25.27236661,44.3889389
25.11689534,25.27236661,46.72862625
25.56605299,25.27236661,48.5360527
26.01521063,25.27236661,49.37294388
26.46436827,25.27236661,49.60089111
26.91352591,25.27236661,49.62474442
27.36268355,25.27236661,49.56642914
27.8118412,25.27236661,49.28088379
28.26099884,25.27236661,48.59109879
28.71015648,25.27236661,47.58100128
29.15931412,25.27236661,46.42737961
29.60847176,25.27236661,45.28287888
30.05762941,25.27236661,44.23343277
30.50678705,25.27236661,43.29524231
30.95594469,25.27236661,42.62844086
31.40510233,25.27236661,42.26343536
31.85425997,25.27236661,42.06040955
32.30341762,25.27236661,41.74134827
32.75257526,25.27236661,41.02204132
33.2017329,25.27236661,39.85015488
33.65089054,25.27236661,38.2991066
34.10004819,25.27236661,36.51832199
34.54920583,25.27236661,34.66210175
34.99836347,25.27236661,32.7481575
35.44752111,25.27236661,30.6470871
35.89667875,25.27236661,28.2811451
36.3458364,25.27236661,25.84196281
36.79499404,25.27236661,23.83400917
37.24415168,25.27236661,22.73419952
37.69330932,25.27236661,22.0813446
38.14246696,25.27236661,21.36873627
38.59162461,25.27236661,20.27973175
39.04078225,25.27236661,18.65221596
21.07447657,25.68007579,52.43134689
21.52363421,25.68007579,49.30551529
21.97279185,25.68007579,46.3592186
22.42194949,25.68007579,43.83890915
22.87110713,25.68007579,42.00357819
23.32026478,25.68007579,41.19659042
23.76942242,25.68007579,41.73031616
24.21858006,25.68007579,43.43417358
24.6677377,25.68007579,45.90267944
25.11689534,25.68007579,48.53492355
25.56605299,25.68007579,50.59730911
26.01521063,25.68007579,51.548069
26.46436827,25.68007579,51.8984108
26.91352591,25.68007579,52.11890411
27.36268355,25.68007579,52.2460022
27.8118412,25.68007579,51.89059448
28.26099884,25.68007579,50.56882095
28.71015648,25.68007579,48.58082199
29.15931412,25.68007579,46.31023407
29.60847176,25.68007579,44.10329819
30.05762941,25.68007579,42.34120941
30.50678705,25.68007579,41.3951416
30.95594469,25.68007579,41.07934952
31.40510233,25.68007579,41.14071274
31.85425997,25.68007579,41.26981354
32.30341762,25.68007579,41.04200363
32.75257526,25.68007579,40.02383423
33.2017329,25.68007579,38.21074295
33.65089054,25.68007579,35.78206253
34.10004819,25.68007579,33.10089111
34.54920583,25.68007579,30.72694206
34.99836347,25.68007579,29.17106819
35.44752111,25.68007579,27.95402527
35.89667875,25.68007579,26.6665554
36.3458364,25.68007579,25.23402214
36.79499404,25.68007579,23.9386158
37.24415168,25.68007579,23.01317596
37.69330932,25.68007579,22.28490257
38.14246696,25.68007579,21.45381546
38.59162461,25.68007579,20.26840782
39.04078225,25.68007579,18.55451584
21.07447657,26.08637963,58.71580505
21.52363421,26.08637963,53.77146912
21.97279185,26.08637963,49.63467789
22.42194949,26.08637963,46.25744629
22.87110713,26.08637963,43.75767899
23.32026478,26.08637963,42.48013687
23.76942242,26.08637963,42.96268845
24.21858006,26.08637963,44.79195404
24.6677377,26.08637963,47.5140686
25.11689534,26.08637963,50.52997589
25.56605299,26.08637963,52.96936798
26.01521063,26.08637963,53.7526741
26.46436827,26.08637963,53.98472214
26.91352591,26.08637963,54.28084564
27.36268355,26.08637963,54.60487366
27.8118412,26.08637963,54.29277039
28.26099884,26.08637963,52.20800781
28.71015648,26.08637963,49.21828842
29.15931412,26.08637963,45.90499878
29.60847176,26.08637963,42.70679092
30.05762941,26.08637963,40.23793411
30.50678705,26.08637963,39.43942642
30.95594469,26.08637963,39.53643417
31.40510233,26.08637963,40.02285004
31.85425997,26.08637963,40.48736954
32.30341762,26.08637963,40.37667084
32.75257526,26.08637963,38.9592514
33.2017329,26.08637963,36.45521164
33.65089054,26.08637963,33.13724136
34.10004819,26.08637963,29.49875259
34.54920583,26.08637963,26.49019432
34.99836347,26.08637963,25.53469658
35.44752111,26.08637963,25.34243393
35.89667875,26.08637963,25.14172363
36.3458364,26.08637963,24.58918381
36.79499404,26.08637963,23.92500496
37.24415168,26.08637963,23.31509781
37.69330932,26.08637963,22.70673752
38.14246696,26.08637963,21.92900467
38.59162461,26.08637963,20.79339218
39.04078225,26.08637963,19.13199234
21.07447657,26.49126256,64.08249664
21.52363421,26.49126256,57.75146866
21.97279185,26.49126256,52.7703743
22.42194949,26.49126256,48.77946472
22.87110713,26.49126256,45.74443054
23.32026478,26.49126256,43.9348793
23.76942242,26.49126256,44.37899017
24.21858006,26.49126256,46.15641403
24.6677377,26.49126256,48.87662125
25.11689534,26.49126256,52.07085037
25.56605299,26.49126256,54.92742157
26.01521063,26.49126256,55.19838715
26.46436827,26.49126256,55.16807175
26.91352591,26.49126256,55.4214592
27.36268355,26.49126256,55.88396072
27.8118412,26.49126256,55.85253525
28.26099884,26.49126256,53.00312805
28.71015648,26.49126256,49.35851288
29.15931412,26.49126256,45.46304703
29.60847176,26.49126256,41.65208435
30.05762941,26.49126256,38.52719879
30.50678705,26.49126256,38.07755661
30.95594469,26.49126256,38.4582634
31.40510233,26.49126256,39.14257431
31.85425997,26.49126256,39.76535034
32.30341762,26.49126256,39.77783203
32.75257526,26.49126256,37.9190979
33.2017329,26.49126256,34.91788483
33.65089054,26.49126256,31.03046036
34.10004819,26.49126256,26.69984245
34.54920583,26.49126256,22.93593407
34.99836347,26.49126256,22.81796455
35.44752111,26.49126256,23.47994614
35.89667875,26.49126256,24.11888885
36.3458364,26.49126256,24.15592957
36.79499404,26.49126256,23.98783493
37.24415168,26.49126256,23.73172569
37.69330932,26.49126256,23.36814308
38.14246696,26.49126256,22.79123306
38.59162461,26.49126256,21.85447693
39.04078225,26.49126256,20.39798927
21.07447657,26.89470934,66.9970932
21.52363421,26.89470934,60.71022034
21.97279185,26.89470934,55.58074188
22.42194949,26.89470934,51.45177078
22.87110713,26.89470934,48.33821869
23.32026478,26.89470934,46.4814949
23.76942242,26.89470934,46.35010529
24.21858006,26.89470934,47.53256607
24.6677377,26.89470934,49.62947464
25.11689534,26.89470934,52.11507034
25.56605299,26.89470934,54.18049622
26.01521063,26.89470934,54.75511169
26.46436827,26.89470934,54.83703613
26.91352591,26.89470934,54.94188309
27.36268355,26.89470934,55.00442886
27.8118412,26.89470934,54.4029808
28.26099884,26.89470934,52.05993652
28.71015648,26.89470934,48.83621979
29.15931412,26.89470934,45.2973938
29.60847176,26.89470934,41.88615799
30.05762941,26.89470934,39.23683929
30.50678705,26.89470934,38.3009491
30.95594469,26.89470934,38.27998734
31.40510233,26.89470934,38.62414551
31.85425997,26.89470934,38.88378906
32.30341762,26.89470934,38.48715591
32.75257526,26.89470934,36.70708084
33.2017329,26.89470934,33.79418564
33.65089054,26.89470934,30.0853157
34.10004819,26.89470934,26.17463112
34.54920583,26.89470934,23.13198662
34.99836347,26.89470934,22.47016144
35.44752111,26.89470934,22.92210579
35.89667875,26.89470934,23.63108444
36.3458364,26.89470934,24.08173752
36.79499404,26.89470934,24.32744789
37.24415168,26.89470934,24.42287827
37.69330932,26.89470934,24.36461067
38.14246696,26.89470934,24.08563614
38.59162461,26.89470934,23.46743965
39.04078225,26.89470934,22.35764313
21.07447657,27.29670507,68.48670959
21.52363421,27.29670507,62.825634
21.97279185,27.29670507,58.01609802
22.42194949,27.29670507,54.09651566
22.87110713,27.29670507,51.12218094
23.32026478,27.29670507,49.21823883
23.76942242,27.29670507,48.53821945
24.21858006,27.29670507,48.93988419
24.6677377,27.29670507,50.13939667
25.11689534,27.29670507,51.68575668
25.56605299,27.29670507,52.98025513
26.01521063,27.29670507,53.5125618
26.46436827,27.29670507,53.57788467
26.91352591,27.29670507,53.43750381
27.36268355,27.29670507,53.06950378
27.8118412,27.29670507,52.18110275
28.26099884,27.29670507,50.41630173
28.71015648,27.29670507,48.0343895
29.15931412,27.29670507,45.36267471
29.60847176,27.29670507,42.74907684
30.05762941,27.29670507,40.62533569
30.50678705,27.29670507,39.4035759
30.95594469,27.29670507,38.8406868
31.40510233,27.29670507,38.59496689
31.85425997,27.29670507,38.29027176
32.30341762,27.29670507,37.47690582
32.75257526,27.29670507,35.73506165
33.2017329,27.29670507,33.11151505
33.65089054,27.29670507,29.90213203
34.10004819,27.29670507,26.66794014
34.54920583,27.29670507,24.22330666
34.99836347,27.29670507,23.29276657
35.44752111,27.29670507,23.4146843
35.89667875,27.29670507,23.99848175
36.3458364,27.29670507,24.61953354
36.79499404,27.29670507,25.14365196
37.24415168,27.29670507,25.5345192
37.69330932,27.29670507,25.7833271
38.14246696,27.29670507,25.84715462
38.59162461,27.29670507,25.62896538
39.04078225,27.29670507,24.98655128
21.07447657,27.69723521,69.25291443
21.52363421,27.69723521,64.36626434
21.97279185,27.69723521,60.08981323
22.42194949,27.69723521,56.5699501
22.87110713,27.69723521,53.86079407
23.32026478,27.69723521,51.95531082
23.76942242,27.69723521,50.80951691
24.21858006,27.69723521,50.45515442
24.6677377,27.69723521,50.76482773
25.11689534,27.69723521,51.42295074
25.56605299,27.69723521,52.02714539
26.01521063,27.69723521,52.28700638
26.46436827,27.69723521,52.15999985
26.91352591,27.69723521,51.70301056
27.36268355,27.69723521,50.95158005
27.8118412,27.69723521,49.94281769
28.26099884,27.69723521,48.77238464
28.71015648,27.69723521,47.34764099
29.15931412,27.69723521,45.70111465
29.60847176,27.69723521,43.97829819
30.05762941,27.69723521,42.36771774
30.50678705,27.69723521,41.0091362
30.95594469,27.69723521,39.93669891
31.40510233,27.69723521,39.04628372
31.85425997,27.69723521,38.12666702
32.30341762,27.69723521,36.89409637
32.75257526,27.69723521,35.09915924
33.2017329,27.69723521,32.74156189
33.65089054,27.69723521,30.03816223
34.10004819,27.69723521,27.41848755
34.54920583,27.69723521,25.44478798
34.99836347,27.69723521,24.53090668
35.44752111,27.69723521,24.51494789
35.89667875,27.69723521,25.03656387
36.3458364,27.69723521,25.7642498
36.79499404,27.69723521,26.49347496
37.24415168,27.69723521,27.12021255
37.69330932,27.69723521,27.64686966
38.14246696,27.69723521,28.06013107
38.59162461,27.69723521,28.28912735
39.04078225,27.69723521,28.21057701
21.07447657,28.09628558,69.70118713
21.52363421,28.09628558,65.51990509
21.97279185,28.09628558,61.80966568
22.42194949,28.09628558,58.75842667
22.87110713,28.09628558,56.40177917
23.32026478,28.09628558,54.60860443
23.76942242,28.09628558,53.0831604
24.21858006,28.09628558,52.10081863
24.6677377,28.09628558,51.67848206
25.11689534,28.09628558,51.60710526
25.56605299,28.09628558,51.6157341
26.01521063,28.09628558,51.57024765
26.46436827,28.09628558,51.19522858
26.91352591,28.09628558,50.41254425
27.36268355,28.09628558,49.29611969
27.8118412,28.09628558,48.15143967
28.26099884,28.09628558,47.61985397
28.71015648,28.09628558,47.13263321
29.15931412,28.09628558,46.45933533
29.60847176,28.09628558,45.56840897
30.05762941,28.09628558,44.4380455
30.50678705,28.09628558,42.95720291
30.95594469,28.09628558,41.39588928
31.40510233,28.09628558,39.85741806
31.85425997,28.09628558,38.31106949
32.30341762,28.09628558,36.64180374
32.75257526,28.09628558,34.7103157
33.2017329,28.09628558,32.53269958
33.65089054,28.09628558,30.24417305
34.10004819,28.09628558,28.12839127
34.54920583,28.09628558,26.56568146
34.99836347,28.09628558,25.85634422
35.44752111,28.09628558,25.91544342
35.89667875,28.09628558,26.51525307
36.3458364,28.09628558,27.39488792
36.79499404,28.09628558,28.32540131
37.24415168,28.09628558,29.14174843
37.69330932,28.09628558,29.90444756
38.14246696,28.09628558,30.64754105
38.59162461,28.09628558,31.34055519
39.04078225,28.09628558,31.89512634
21.07447657,28.49384231,70.0047226
21.52363421,28.49384231,66.37042999
21.97279185,28.49384231,63.1503067
22.42194949,28.49384231,60.5315094
22.87110713,28.49384231,58.53936005
23.32026478,28.49384231,56.99513626
23.76942242,28.49384231,55.18373108
24.21858006,28.49384231,53.79847717
24.6677377,28.49384231,52.91147614
25.11689534,28.49384231,52.3538475
25.56605299,28.49384231,51.90506363
26.01521063,28.49384231,51.6672821
26.46436827,28.49384231,51.11076355
26.91352591,28.49384231,50.11129379
27.36268355,28.49384231,48.73550034
27.8118412,28.49384231,47.35767365
28.26099884,28.49384231,47.5006752
28.71015648,28.49384231,47.75297165
29.15931412,28.49384231,47.80455017
29.60847176,28.49384231,47.53972626
30.05762941,28.49384231,46.79840851
30.50678705,28.49384231,45.10160828
30.95594469,28.49384231,43.03340912
31.40510233,28.49384231,40.83113861
31.85425997,28.49384231,38.63513184
32.30341762,28.49384231,36.51139832
32.75257526,28.49384231,34.39783478
33.2017329,28.49384231,32.35623932
33.65089054,28.49384231,30.42948151
34.10004819,28.49384231,28.76060104
34.54920583,28.49384231,27.59114075
34.99836347,28.49384231,27.20372391
35.44752111,28.49384231,27.48659134
35.89667875,28.49384231,28.28495598
36.3458364,28.49384231,29.38077927
36.79499404,28.49384231,30.53742409
37.24415168,28.49384231,31.50161552
37.69330932,28.49384231,32.45133209
38.14246696,28.49384231,33.47975159
38.59162461,28.49384231,34.61907196
39.04078225,28.49384231,35.84056854
21.07447657,28.88989191,70.18834686
21.52363421,28.88989191,66.93610382
21.97279185,28.88989191,64.08718109
22.42194949,28.88989191,61.77863312
22.87110713,28.88989191,59.96857452
23.32026478,28.88989191,58.42539215
23.76942242,28.88989191,56.79792404
24.21858006,28.88989191,55.41938019
24.6677377,28.88989191,54.43060684
25.11689534,28.88989191,53.75353241
25.56605299,28.88989191,53.22405243
26.01521063,28.88989191,52.76596069
26.46436827,28.88989191,52.09253693
26.91352591,28.88989191,51.12177277
27.36268355,28.88989191,49.97906113
27.8118412,28.88989191,49.06712723
28.26099884,28.88989191,49.10311127
28.71015648,28.88989191,49.48349762
29.15931412,28.88989191,49.81513214
29.60847176,28.88989191,49.78522491
30.05762941,28.88989191,49.03426361
30.50678705,28.88989191,47.21958542
30.95594469,28.88989191,44.66866684
31.40510233,28.88989191,41.75710297
31.85425997,28.88989191,38.83795547
32.30341762,28.88989191,36.19553757
32.75257526,28.88989191,33.95465469
33.2017329,28.88989191,32.10534286
33.65089054,28.88989191,30.57907486
34.10004819,28.88989191,29.39629173
34.54920583,28.88989191,28.6953907
34.99836347,28.88989191,28.64471245
35.44752111,28.88989191,29.21726608
35.89667875,28.88989191,30.28377342
36.3458364,28.88989191,31.61532021
36.79499404,28.88989191,32.93932724
37.24415168,28.88989191,34.06818771
37.69330932,28.88989191,35.15178299
38.14246696,28.88989191,36.38399887
38.59162461,28.88989191,37.9040451
39.04078225,28.88989191,39.77632523
21.07447657,29.28442121,70.19948578
21.52363421,29.28442121,67.21265411
21.97279185,29.28442121,64.6620636
22.42194949,29.28442121,62.63068008
22.87110713,29.28442121,61.02877426
23.32026478,29.28442121,59.62232208
23.76942242,29.28442121,58.20863724
24.21858006,29.28442121,56.98436737
24.6677377,29.28442121,56.1014061
25.11689534,29.28442121,55.51420212
25.56605299,29.28442121,55.04150009
26.01521063,29.28442121,54.51387787
26.46436827,29.28442121,53.82913589
26.91352591,29.28442121,53.00949478
27.36268355,29.28442121,52.19367981
27.8118412,29.28442121,51.63968658
28.26099884,29.28442121,51.63083649
28.71015648,29.28442121,51.99016953
29.15931412,29.28442121,52.41733932
29.60847176,29.28442121,52.4846077
30.05762941,29.28442121,51.64918518
30.50678705,29.28442121,49.5031395
30.95594469,29.28442121,46.29647446
31.40510233,29.28442121,42.5310936
31.85425997,29.28442121,38.77765274
32.30341762,29.28442121,35.5837326
32.75257526,29.28442121,33.28362274
33.2017329,29.28442121,31.73442268
33.65089054,29.28442121,30.6885128
34.10004819,29.28442121,30.03278923
34.54920583,29.28442121,29.81979179
34.99836347,29.28442121,30.16594124
35.44752111,29.28442121,31.09673309
35.89667875,29.28442121,32.50527954
36.3458364,29.28442121,34.1338501
36.79499404,29.28442121,35.63916779
37.24415168,29.28442121,36.80496216
37.69330932,29.28442121,37.85829926
38.14246696,29.28442121,39.13643646
38.59162461,29.28442121,40.90962219
39.04078225,29.28442121,43.35319519
21.07447657,29.67741741,69.94288635
21.52363421,29.67741741,67.15170288
21.97279185,29.67741741,64.8684082
22.42194949,29.67741741,63.13615417
22.87110713,29.67741741,61.83282089
23.32026478,29.67741741,60.68588638
23.76942242,29.67741741,59.45319366
24.21858006,29.67741741,58.39419174
24.6677377,29.67741741,57.7032814
25.11689534,29.67741741,57.32806015
25.56605299,29.67741741,57.01350784
26.01521063,29.67741741,56.48488998
26.46436827,29.67741741,55.82176971
26.91352591,29.67741741,55.16651535
27.36268355,29.67741741,54.65067673
27.8118412,29.67741741,54.37394714
28.26099884,29.67741741,54.37667847
28.71015648,29.67741741,54.72988129
29.15931412,29.67741741,55.26387405
29.60847176,29.67741741,55.48564529
30.05762941,29.67741741,54.6165123
30.50678705,29.67741741,51.94591522
30.95594469,29.67741741,47.88680649
31.40510233,29.67741741,43.12100983
31.85425997,29.67741741,38.41472244
32.30341762,29.67741741,34.61724854
32.75257526,29.67741741,32.41082764
33.2017329,29.67741741,31.32235146
33.65089054,29.67741741,30.84022331
34.10004819,29.67741741,30.72623634
34.54920583,29.67741741,30.98558044
34.99836347,29.67741741,31.73094177
35.44752111,29.67741741,33.03451157
35.89667875,29.67741741,34.81996536
36.3458364,29.67741741,36.79956436
36.79499404,29.67741741,38.49422073
37.24415168,29.67741741,39.49397659
37.69330932,29.67741741,40.28112793
38.14246696,29.67741741,41.40504837
38.59162461,29.67741741,43.2678566
39.04078225,29.67741741,46.14702606
21.07447657,30.06886804,69.2959137
21.52363421,30.06886804,66.64342499
21.97279185,30.06886804,64.58570099
22.42194949,30.06886804,63.14849472
22.87110713,30.06886804,62.20586777
23.32026478,30.06886804,61.42065811
23.76942242,30.06886804,60.27891922
24.21858006,30.06886804,59.34275818
24.6677377,30.06886804,58.87878036
25.11689534,30.06886804,58.80521393
25.56605299,30.06886804,58.75457001
26.01521063,30.06886804,58.1927681
26.46436827,30.06886804,57.50608444
26.91352591,30.06886804,56.96271515
27.36268355,30.06886804,56.6948204
27.8118412,30.06886804,56.67414474
28.26099884,30.06886804,56.64870071
28.71015648,30.06886804,57.00540924
29.15931412,30.06886804,57.71118164
29.60847176,30.06886804,58.25072098
30.05762941,30.06886804,57.58384323
30.50678705,30.06886804,54.26532364
30.95594469,30.06886804,49.31852722
31.40510233,30.06886804,43.60159302
31.85425997,30.06886804,37.94613647
32.30341762,30.06886804,33.46883774
32.75257526,30.06886804,31.6417942
33.2017329,30.06886804,31.16790962
33.65089054,30.06886804,31.24837303
34.10004819,30.06886804,31.59159851
34.54920583,30.06886804,32.20798874
34.99836347,30.06886804,33.23167801
35.44752111,30.06886804,34.78787994
35.89667875,30.06886804,36.85503006
36.3458364,30.06886804,39.16261292
36.79499404,30.06886804,41.07578278
37.24415168,30.06886804,41.62033081
37.69330932,30.06886804,41.91123581
38.14246696,30.06886804,42.72693634
38.59162461,30.06886804,44.54298782
39.04078225,30.06886804,47.69636154
21.07447657,30.45876097,68.13144684
21.52363421,30.45876097,65.54273987
21.97279185,30.45876097,63.60707092
22.42194949,30.45876097,62.34875488
22.87110713,30.45876097,61.68923187
23.32026478,30.45876097,61.33040619
23.76942242,30.45876097,60.16362381
24.21858006,30.45876097,59.36345291
24.6677377,30.45876097,59.16268921
25.11689534,30.45876097,59.42916107
25.56605299,30.45876097,59.74908829
26.01521063,30.45876097,59.06834793
26.46436827,30.45876097,58.30975342
26.91352591,30.45876097,57.78341675
27.36268355,30.45876097,57.64392853
27.8118412,30.45876097,57.85905075
28.26099884,30.45876097,57.68312073
28.71015648,30.45876097,58.02167511
29.15931412,30.45876097,58.88185501
29.60847176,30.45876097,59.79173279
30.05762941,30.45876097,59.69796753
30.50678705,30.45876097,55.76980972
30.95594469,30.45876097,50.34896851
31.40510233,30.45876097,44.2189827
31.85425997,30.45876097,38.04327011
32.30341762,30.45876097,32.88576889
32.75257526,30.45876097,31.77630043
33.2017329,30.45876097,31.82025719
33.65089054,30.45876097,32.22023392
34.10004819,30.45876097,32.75672913
34.54920583,30.45876097,33.4681015
34.99836347,30.45876097,34.48984146
35.44752111,30.45876097,35.981987
35.89667875,30.45876097,37.98426056
36.3458364,30.45876097,40.33811188
36.79499404,30.45876097,42.47400665
37.24415168,30.45876097,42.26409531
37.69330932,30.45876097,42.03890228
38.14246696,30.45876097,42.57507324
38.59162461,30.45876097,44.30659103
39.04078225,30.45876097,47.58389664
21.07447657,30.84708443,66.3567276
21.52363421,30.84708443,63.74235153
21.97279185,30.84708443,61.76758957
22.42194949,30.84708443,60.42790604
22.87110713,30.84708443,59.63272476
23.32026478,30.84708443,59.12206268
23.76942242,30.84708443,58.43381119
24.21858006,30.84708443,58.07319641
24.6677377,30.84708443,58.20428085
25.11689534,30.84708443,58.64205933
25.56605299,30.84708443,58.93851089
26.01521063,30.84708443,58.52879333
26.46436827,30.84708443,57.83384705
26.91352591,30.84708443,57.19760513
27.36268355,30.84708443,56.82878494
27.8118412,30.84708443,56.75362778
28.26099884,30.84708443,56.74509048
28.71015648,30.84708443,57.18489838
29.15931412,30.84708443,58.02592468
29.60847176,30.84708443,58.74637985
30.05762941,30.84708443,58.31393051
30.50678705,30.84708443,55.29068756
30.95594469,30.84708443,50.67558289
31.40510233,30.84708443,45.29704285
31.85425997,30.84708443,39.96092987
32.30341762,30.84708443,35.75930023
32.75257526,30.84708443,34.1415062
33.2017329,30.84708443,33.8106308
33.65089054,30.84708443,33.9600296
34.10004819,30.84708443,34.26975632
34.54920583,30.84708443,34.70187759
34.99836347,30.84708443,35.34205627
35.44752111,30.84708443,36.30007172
35.89667875,30.84708443,37.59630585
36.3458364,30.84708443,39.06483078
36.79499404,30.84708443,40.20879364
37.24415168,30.84708443,40.15775681
37.69330932,30.84708443,40.02563477
38.14246696,30.84708443,40.56874084
38.59162461,30.84708443,42.27544022
39.04078225,30.84708443,45.54058075
21.07447657,31.23382697,63.94691849
21.52363421,31.23382697,61.24586105
21.97279185,31.23382697,59.12082672
22.42194949,31.23382697,57.56019974
22.87110713,31.23382697,56.5212326
23.32026478,31.23382697,55.90729904
23.76942242,31.23382697,55.60342789
24.21858006,31.23382697,55.73366165
24.6677377,31.23382697,56.26948166
25.11689534,31.23382697,56.94437027
25.56605299,31.23382697,57.32538223
26.01521063,31.23382697,57.04898453
26.46436827,31.23382697,56.30208969
26.91352591,31.23382697,55.4028511
27.36268355,31.23382697,54.64223099
27.8118412,31.23382697,54.22617722
28.26099884,31.23382697,54.23848343
28.71015648,31.23382697,54.7492981
29.15931412,31.23382697,55.5656395
29.60847176,31.23382697,56.18222809
30.05762941,31.23382697,55.83821106
30.50678705,31.23382697,53.83718872
30.95594469,31.23382697,50.51945496
31.40510233,31.23382697,46.48875046
31.85425997,31.23382697,42.45468903
32.30341762,31.23382697,39.22167206
32.75257526,31.23382697,37.43717194
33.2017329,31.23382697,36.62509537
33.65089054,31.23382697,36.25772095
34.10004819,31.23382697,36.03872299
34.54920583,31.23382697,35.87434769
34.99836347,31.23382697,35.78006363
35.44752111,31.23382697,35.80622101
35.89667875,31.23382697,35.96920395
36.3458364,31.23382697,36.20228577
36.79499404,31.23382697,36.32697296
37.24415168,31.23382697,36.16442108
37.69330932,31.23382697,36.15816116
38.14246696,31.23382697,36.78039551
38.59162461,31.23382697,38.44171143
39.04078225,31.23382697,41.52021027
21.07447657,31.6189775,60.94512939
21.52363421,31.6189775,58.13511658
21.97279185,31.6189775,55.81557083
22.42194949,31.6189775,53.9931488
22.87110713,31.6189775,52.7060585
23.32026478,31.6189775,52.03512573
23.76942242,31.6189775,52.07677078
24.21858006,31.6189775,52.71944809
24.6677377,31.6189775,53.74126816
25.11689534,31.6189775,54.77610397
25.56605299,31.6189775,55.3459816
26.01521063,31.6189775,55.06551743
26.46436827,31.6189775,54.09682846
26.91352591,31.6189775,52.77768326
27.36268355,31.6189775,51.49620438
27.8118412,31.6189775,50.66569138
28.26099884,31.6189775,50.62413025
28.71015648,31.6189775,51.21478653
29.15931412,31.6189775,52.10850143
29.60847176,31.6189775,52.85267639
30.05762941,31.6189775,52.93513489
30.50678705,31.6189775,51.99369812
30.95594469,31.6189775,50.08863831
31.40510233,31.6189775,47.56341934
31.85425997,31.6189775,44.89990616
32.30341762,31.6189775,42.58878708
32.75257526,31.6189775,40.91936874
33.2017329,31.6189775,39.75767899
33.65089054,31.6189775,38.83426666
34.10004819,31.6189775,37.94358063
34.54920583,31.6189775,36.9807663
34.99836347,31.6189775,35.9087944
35.44752111,31.6189775,34.74490356
35.89667875,31.6189775,33.53662109
36.3458364,31.6189775,32.3732605
36.79499404,31.6189775,31.42050552
37.24415168,31.6189775,30.91965675
37.69330932,31.6189775,30.90190697
38.14246696,31.6189775,31.51421165
38.59162461,31.6189775,33.01211929
39.04078225,31.6189775,35.69470215
21.07447657,32.00252527,57.43645096
21.52363421,32.00252527,54.51706696
21.97279185,32.00252527,52.00108719
22.42194949,32.00252527,49.92558289
22.87110713,32.00252527,48.40426254
23.32026478,32.00252527,47.67683029
23.76942242,32.00252527,48.11821747
24.21858006,32.00252527,49.3246727
24.6677377,32.00252527,50.91016388
25.11689534,32.00252527,52.42282867
25.56605299,32.00252527,53.28887939
26.01521063,32.00252527,52.89393234
26.46436827,32.00252527,51.57132339
26.91352591,32.00252527,49.71418762
27.36268355,32.00252527,47.7853775
27.8118412,32.00252527,46.40117645
28.26099884,32.00252527,46.33035278
28.71015648,32.00252527,47.05369949
29.15931412,32.00252527,48.13640213
29.60847176,32.00252527,49.19393539
30.05762941,32.00252527,49.89006424
30.50678705,32.00252527,50.0542717
30.95594469,32.00252527,49.5566864
31.40510233,32.00252527,48.51420593
31.85425997,32.00252527,47.17552567
32.30341762,32.00252527,45.77219772
32.75257526,32.00252527,44.35916138
33.2017329,32.00252527,42.98467255
33.65089054,32.00252527,41.55458832
34.10004819,32.00252527,39.95409775
34.54920583,32.00252527,38.09418869
34.99836347,32.00252527,35.90583801
35.44752111,32.00252527,33.41407394
35.89667875,32.00252527,30.71366692
36.3458364,32.00252527,28.03047562
36.79499404,32.00252527,25.83202171
37.24415168,32.00252527,24.88744354
37.69330932,32.00252527,24.70525742
38.14246696,32.00252527,25.14244652
38.59162461,32.00252527,26.30528259
39.04078225,32.00252527,28.38729095
21.07447657,32.38445984,53.51818848
21.52363421,32.38445984,50.48208237
21.97279185,32.38445984,47.77724457
22.42194949,32.38445984,45.49014282
22.87110713,32.38445984,43.79135895
23.32026478,32.38445984,42.99218369
23.76942242,32.38445984,43.94430161
24.21858006,32.38445984,45.74898148
24.6677377,32.38445984,47.9358902
25.11689534,32.38445984,49.99450302
25.56605299,32.38445984,51.28461075
26.01521063,32.38445984,50.70476913
26.46436827,32.38445984,49.00556946
26.91352591,32.38445984,46.59519196
27.36268355,32.38445984,43.97025299
27.8118412,32.38445984,41.84716034
28.26099884,32.38445984,41.79312897
28.71015648,32.38445984,42.62631607
29.15931412,32.38445984,43.94812775
29.60847176,32.38445984,45.45257187
30.05762941,32.38445984,46.881073
30.50678705,32.38445984,48.22140121
30.95594469,32.38445984,49.1085968
31.40510233,32.38445984,49.48410416
31.85425997,32.38445984,49.40365601
32.30341762,32.38445984,48.91326523
32.75257526,32.38445984,47.8177948
33.2017329,32.38445984,46.33993149
33.65089054,32.38445984,44.47251892
34.10004819,32.38445984,42.16547394
34.54920583,32.38445984,39.36288452
34.99836347,32.38445984,35.9759903
35.44752111,32.38445984,32.09807205
35.89667875,32.38445984,27.88702011
36.3458364,32.38445984,23.65117836
36.79499404,32.38445984,19.98545456
37.24415168,32.38445984,18.54296303
37.69330932,32.38445984,17.96848106
38.14246696,32.38445984,18.00510788
38.59162461,32.38445984,18.655159
39.04078225,32.38445984,19.9845562
